{"alpha": 0.7733195632494503, "l1_ratio": 0.9370181670857131, "random_state": 27}