{"max_depth": 3, "learning_rate": 0.26792399750349, "n_estimators": 243, "min_child_weight": 1, "gamma": 0.5340212538476165, "subsample": 0.8372407387073441, "colsample_bytree": 0.7100304449916531, "reg_alpha": 0.9968381896661774, "reg_lambda": 0.3361337095770631, "random_state": 402}